twitter,name
jrg_abad,"Abad, Jorge"
laleksanyan,"Aleksanyan, Lilia"
mfarooqarby,"Arby, Muhammad Farooq"
profahmhamed,"Abd Ellah, Ahmed Hamed"
maljarhi,"Al-Jarhi, Mabid Ali Mohamed Mahmoud"
evaoarceo,"Arceo-Gomez, Eva"
kim_abildgren,"Abildgren, Kim"
g_allegre,"Allègre, Guillaume"
ielde_unsa,"Arévalo, Carla"
sofianeaboura,"Aboura, Sofiane"
miguel4dc,"Almanzar, Miguel"
rodrigoarim1,"Arim, Rodrigo"
DrDaronAcemoglu,"Acemoglu, Daron"
alonsobcesar,"Alonso-Borrego, César"
bjorci,"Arnarson, Björn Thor"
guillermoacuna,"Acuña, Guillermo Ignacio"
romanianromance,"Alter, Adrian"
g_arnould,"Arnould, Guillaume"
acunaandres,"Acuña-Duarte, Andrés"
aalvarezgallo,"Álvarez, Andrés"
larroyoabad,"Arroyo Abad, Leticia"
tonysangle,"Addison, Tony"
cacrisalves,"Alves, Carolina C"
benitoarrunada,"Arruñada, Benito"
oluwatobiclay,"Adewunmi, Oluwatobiloba Daniel"
guillermo_alves,"Alves, Guillermo"
farslaner,"Arslaner, Ferhat"
aadukia,"Adukia, Anjali"
pedro_s_amaral,"Amaral, Pedro"
noorarx,"Arslaner, Nuran"
arunadvaniecon,"Advani, Arun"
lykkeeandersen,"Andersen, Lykke"
jc_artegar,"Arteaga, Julio Cesar"
amandayagan,"Agan, Amanda Yvonne"
andersen_hecon,"Andersen, Martin"
askitas,"Askitas, Nikos"
agostini_cl,"Agostini, Claudio A"
amyecon,"Ando, Amy Whritenour"
oatabati,"Atabati, Omid"
davidragrawal,"Agrawal, David"
dandolfa,"Andolfatto, David"
susan_athey,"Athey, Susan Carleton"
vaguirregabiria,"Aguirregabiria, Victor"
massimo_anelli,"Anelli, Massimo"
jattamensah,"Atta-Mensah, Joseph"
ahammeralex,"Ahammer, Alexander"
violaangelini,"Angelini, Viola"
maattar,"Attar, M. Aykut"
zouhairabh,"Ait Benhamou, Zouhair"
datanecon,"Angenendt, David Tobias"
titusawokuse,"Awokuse, Titus"
gbenga_ajilore,"Ajilore, Olugbenga"
erikangner,"Angner, Erik"
aydinonat,"Aydinonat, N. Emrah"
sainty02,"Akadiri, Seyi Saint"
metrics52,"Angrist, Joshua D"
ayllonsara,"Ayllón, Sara"
akkemik,"Akkemik, K. Ali"
juanantolindiaz,"Antolin-Diaz, Juan"
ayubch23,"Ayyoub, Muhammad "
cevatgirayaksoy,"Aksoy, Cevat Giray"
romananton_phd,"Anton, Roman"
jpazvd,"Azevedo, João Pedro"
mouawiya,"Al Awad, Mouawiya"
jcanyanwu,"Anyanwu, John"
mazzimon77,"Azzimonti, Marina"
teach_econ,"Al-Bahrani, Abdullah"
sebasaparicio15,"Aparicio, Sebastian"
paldama,"Aldama, Pierre"
araujoec,"Araujo, Edson"
bachmannrudi,"Bachmann, Ruediger"
pat_d_bennett,"Bennett, Patrick"
fabioso77,"Boncinelli, Fabio"
lancebachmeier,"Bachmeier, Lance"
benshalomy,"Ben-Shalom, Yonatan"
bonnisseaujm,"Bonnisseau, Jean-Marc"
NYUSternEcon,"Backus, David"
phbent,"Bent, Peter"
booth_alison,"Booth, Alison Lee"
stijn_baert,"Baert, Stijn"
berardi_n_,"Berardi, Nicoletta"
fabrice_bm,"Borel-Mathurin, Fabrice"
bagisb,"Bagis, Bilal"
a_bergeaud,"Bergeaud, Antonin"
amirneto,"Borges Ferreira Neto, Amir"
albertobagnai,"Bagnai, Alberto"
economendagboek,"Bergeijk, Peter A.G. van"
anne_boring,"Boring, Anne"
dany_bahar,"Bahar, Dany"
nonicoc,"Berggren, Niclas"
vkborooah,"Borooah, Vani Kant"
raulbajob,"Bajo-Buenestado, Raúl"
obergland,"Bergland, Olvar"
olivierbos,"Bos, Olivier"
baldwinre,"Baldwin, Richard"
rbergoeingv,"Bergoeing, Raphael"
523566,"Bosupeng, Mpho"
ambalisacan,"Balisacan, Arsenio"
mabe74,"Berka, Martin"
alina_botezat,"Botezat, Alina"
asmahyder,"Baloch, Asma Hyder"
benbernanke,"Bernanke, Ben"
obouba,"Bouba-Olga, Olivier"
roberto_bande,"Bande, Roberto"
giobernardo,"Bernardo, Giovanni"
pbougette,"Bougette, Patrice"
nelsonhbarbosa,"Barbosa-Filho, Nelson Henrique"
joshuaberning,"Berning, Joshua"
curlybird98,"Boumans, Dorine"
tbarnay,"Barnay, Thomas"
davidhbernstein,"Bernstein, David Harry"
bounaderlahcen,"Bounader, Lahcen"
jasonbarrru,"Barr, Jason"
atabertay,"Bertay, Ata Can"
bouoiyour_b,"Bouoiyour, Jamal"
johnbarrdear,"Barrdear, John"
aberthep7,"Berthe, Alexandre"
renaudbourles,"Bourlès, Renaud"
alanbarreca,"Barreca, Alan Irwin"
antoineberthou,"Berthou, Antoine"
leah_boustan,"Boustan, Leah Platt"
felbarrera,"Barrera-Osorio, Felipe"
jamesbessen,"Bessen, James"
johnbovay,"Bovay, John"
dougbarrios,"Barrios, Douglas"
keshabrbhattar1,"Bhattarai, Keshab R"
chadbown,"Bown, Chad"
z655321,"Bartha, Zoltán"
sbhau,"Bhaumik, Sumon"
pierrecboyer,"Boyer, Pierre"
barthelemyecon,"Barthélemy, Jean"
space_economy,"Bieri, David Stephan"
jc_bradbury,"Bradbury, John Charles"
timbartik,"Bartik, Timothy"
bignonvincent,"Bignon, Vincent"
behsnaps,"Brañas-Garza, Pablo"
f_bartolucci,"Bartolucci, Francesco"
maviwest,"Bilgili, Faik"
williamabranch,"Branch, William"
baruffinimoreno,"Baruffini, Moreno"
mbillio,"Billio, Monica"
misoc_essex,"Brewer, Mike"
kaushikcbasu,"Basu, Kaushik"
cconces,"Binder, Carola Conces"
jbriggeman,"Briggeman, Jason"
vnbateman,"Bateman, Victoria"
jebistline,"Bistline, John Erik"
brookstagg,"Brooks, Taggert"
batizlazo,"Batiz-Lazo, Bernardo"
danbjork,"Björkegren, Daniel"
anbrowndc,"Brown, Annette"
sbauernschuster,"Bauernschuster, Stefan Josef"
hcbjornland,"Bjørnland, Hilde"
illinibizdean,"Brown, Jeffrey Robert"
cfbaum,"Baum, Christopher F"
econ_sandy,"Black, Sandra"
tilmanbrueck,"Brück, Tilman"
div_e_q,"Bayer, Amanda"
ojblanchard1,"Blanchard, Olivier J"
krrrcks,"Brunner, Daniel"
remibaz,"Bazillier, Remi"
d_blanchflower,"Blanchflower, David"
markuseconomist,"Brunnermeier, Markus"
leonardobecchet,"Becchetti, Leonardo"
emiliofblanco,"Blanco, Emilio Fernando"
erikbryn,"Brynjolfsson, Erik"
lassebecker,"Becker, Lasse"
yblascom,"Blasco-Martel, Yolanda"
alexanderbryson,"Bryson, Alex"
essobecker,"Becker, Sascha"
cblatts,"Blattman, Christopher"
kasey_buckles,"Buckles, Kasey"
jodiecongirl,"Beggs, Jodi Nicole"
marlon_boarnet,"Boarnet, Marlon"
johnwbudd,"Budd, John"
sophiebejean,"Béjean, Sophie"
nunoboavida,"Boavida, Nuno Filipe França Gouveia"
jcbuggle,"Buggle, Johannes Christoph"
gebelque,"Bel, Germà"
ibobel,"Böbel, Ingo"
sbuhai,"Buhai, Ioan Sebastian"
lpbeland,"Beland, Louis-Philippe"
johannesmboehm,"Boehm, Johannes"
gabrielburdin,"Burdín, Gabriel"
abelgo_optimum,"Belgodere, Antoine"
peterboettke,"Boettke, Peter"
burke_ec,"Burke, Paul"
peternbell,"Bell, Peter Newton"
fbogliacino,"Bogliacino, Francesco"
fburlig,"Burlig, Fiona"
marcfbellemare,"Bellemare, Marc"
rboheim,"Böheim, René"
matt_bussiere,"Bussiere, Matthieu"
agnesbq1,"Benassy-Quere, Agnès"
micheleboldrin,"Boldrin, Michele"
kbuzard7,"Buzard, Kristy"
benchimolium,"Benchimol, Jonathan"
fbonaglia,"Bonaglia, Federico"
tornqvist999,"Byrne, David Michael"
gcaballeroo,"Caballero Orozco, Gustavo Adolfo"
estu_c,"Cevallos Uve, Gabriel Estuardo"
ajcollart,"Collart, Alba"
cabralestweet,"Cabrales, Antonio"
rafcezarr,"Cezar, Rafael"
aidthoughts,"Collin, Matthew Edward"
cagejulia,"Cagé, Julia"
lekhachakrborty,"Chakraborty, Lekha"
jasonacollins,"Collins, Jason"
economhipster,"Cahn, Christophe"
areendam_c,"Chanda, Areendam"
cliochris,"Colvin, Christopher Louis"
leighblue,"Caldwell, Leigh"
freakonometrics,"Charpentier, Arthur"
mariosa_com,"Comunale, Mariarosaria"
enriquecalfucur,"Calfucura, Enrique"
cleocz,"Chassonnery-Zaïgouche, Cléo"
conderuiz,"Conde-Ruiz, J. Ignacio"
grayclhn,"Calhoun, Gray"
p_chatterjee,"Chatterjee, Partha"
davide_consoli,"Consoli, Davide"
m_callenes,"Callenes, Mercedez"
midwestjoyce,"Chen, Joyce"
afconstant299,"Constant, Amelie"
adcamach,"Camacho, Adriana"
xcyale,"Chen, Xi"
mihneaconst,"Constantinescu, Mihnea"
maximo_camacho,"Camacho, Maximo"
zhuo_adam_chen,"Chen, Zhuo Adam"
gabri_elle76,"Conti, Gabriella"
sebastian_cg1,"Camarero Garcia, Sebastian"
undercoverhist,"Cherrier, Beatrice"
drlisadcook,"Cook, Lisa"
tradeandmoney,"Campbell, Douglas"
uaeeconomist,"Chilton, John Blackwell"
mikecoonomics,"Coon, Michael"
jamesdcamp,"Campbell, James David"
menzie_chinn,"Chinn, Menzie"
SBarryCooper,"Cooper, S. Barry"
_stuartcampbell,"Campbell, Stuart"
mchiroleua,"Chiroleu-Assouline, Mireille"
conradcopeland,"Copeland, Conrad"
naurocampos,"Campos, Nauro"
dave_chivers,"Chivers, David"
milescorak,"Corak, Miles"
rmcamposvazquez,"Campos-Vazquez, Raymundo Miguel"
johanna_econ,"Choumert-Nkolo, Johanna"
lcoroneo,"Coroneo, Laura"
massimocanali3,"Canali, Massimo"
chr_mich,"Christl, Michael"
matteocoronese,"Coronese, Matteo"
blogageco,"Candau, Fabien"
ericchyn,"Chyn, Eric"
fcorreamautz,"Correa, Felipe"
c_cantore,"Cantore, Cristiano"
stevecicala,"Cicala, Steve"
joancostaifont,"Costa-i-Font, Joan"
capelleblancard,"Capelle-Blancard, Gunther"
alejandrocid_uy,"Cid, Alejandro"
virginiecouder1,"Coudert, Virginie"
cmoncap,"Capra, C. Monica"
victorclaar,"Claar, Victor"
jcs_mbf,"Couppey-Soubeyran, Jézabel"
sancapraro,"Capraro, Santiago"
kenclarkecon,"Clark, Ken"
alfredocoutino,"Coutino, Alfredo"
scarboval,"Carbo Valverde, Santiago"
nycgeoff,"Clarke, Geoffrey"
enriquecovar,"Covarrubias, Enrique"
jillianbcarr,"Carr, Jillian"
kclausing,"Clausing, Kimberly"
dianecoyle1859,"Coyle, Diane"
ccarraro_unive,"Carraro, Carlo"
m_clem,"Clemens, Michael"
bill_craighead,"Craighead, William"
carsjam33,"Carson, Jamie"
sofronclerides,"Clerides, Sofronis"
leecrawfurd,"Crawfurd, Lee Martin"
cartwright_e,"Cartwright, Edward John"
dclingi,"Clingingsmith, David Lawrence"
zscsere,"Csereklyei, Zsuzsanna"
freddykastro,"Castro, Freddy"
paulclist,"Clist, Paul"
causalinf,"Cunningham, Anthony Scott"
bcasulukac,"Casu, Barbara"
alexcobham,"Cobham, Alex"
curriealder,"Currie-Alder, Bruce"
loucattani,"Cattani, Luca"
sarahcohodes,"Cohodes, Sarah"
jimcust,"Cust, James"
cawley_john,"Cawley, John"
fabricolella,"Colella, Fabrizio"
economicthought,"Cerqueira, Hugo Eduardo Araujo da Gama"
estebancolla,"Colla-De-Robertis, Esteban"
mjdalbianco,"Dal Bianco, Marcos Jose"
ldenant,"Denant-Boèmont, Laurent"
wdoerner,"Doerner, William"
jdamijan,"Damijan, Joze"
m_de_nardi,"De Nardi, Mariacristina"
takero_doi,"Doi, Takero"
giammacco,"Daniele, Gianmarco"
jeffdenning,"Denning, Jeffrey"
jenniferdoleac,"Doleac, Jennifer"
sdanthine,"Danthine, Samuel"
kevindenny,"Denny, Kevin John"
jdolmas,"Dolmas, Jim"
tdarcillon,"Darcillon, Thibault"
jondequidt,"de Quidt, Jonathan"
rdomenechv,"Domenech, Rafael"
sandydarity,"Darity, William Alexander"
gderasse,"de Rassenfosse, Gaetan"
heldehdom,"Domingos, Helde"
upendra900,"Das, Ram Upendra"
dderigo,"de Rigo, Daniele"
karinadoorley,"Doorley, Karina"
cdaude,"Daude, Christian"
maxime_dt,"Desmarais-Tremblay, Maxime"
dorfmanjeffrey,"Dorfman, Jeffrey"
anda__david,"David, Anda Mariana"
blog_m,"Dewenter, Ralf"
mafinidosso,"Dosso, Mafini"
sincdavidson,"Davidson, Sinclair"
africaeconomist,"De Wit, Martin Petrus"
benoitdos,"Dostie, Benoit"
andresdeanc,"Dean, Andrés"
dhanarajsowmya,"Dhanaraj, Sowmya"
econecho,"Dougherty, Sean"
guidodeblasio,"de Blasio, Guido"
diazfabioandres,"Díaz, Fabio Andrés"
elidourado,"Dourado, Eli"
updatedpriors,"Decker, Ryan"
adiazescobar,"Diaz Escobar, Ana Maria"
jonasdovern,"Dovern, Jonas"
thomas_s_dee,"Dee, Thomas"
jorge_lanchas,"Diaz-Lanchas, Jorge"
drago_carlo,"Drago, Carlo"
pdegrauwe,"De Grauwe, Paul"
fjdiazlopez,"Diaz Lopez, Fernando Javier"
td_econ,"Drechsel, Thomas"
sdehmej,"Dehmej, Salim"
mattdickson__,"Dickson, Matt"
adrihout,"Drichoutis, Andreas"
rafadehoyos,"De Hoyos, Rafael"
francisdiebold,"Diebold, Francis"
dridich,"Dridi, Chokri"
phildelacote,"Delacote, Philippe"
alexanderdilger,"Dilger, Alexander"
droege_s,"Dröge, Susanne"
liamdelaneyecon,"Delaney, Liam"
eugen_dimant,"Dimant, Eugen"
bducoudre,"Ducoudré, Bruno"
aldelatte,"Delatte, Anne-Laure"
tradediversion,"Dingel, Jonathan Ivan"
marc_duhamel,"Duhamel, Marc"
mardelgiu,"Della Giusta, Marina"
aledinola,"Di Nola, Alessandro"
sdullien,"Dullien, Sebastian"
juan_de_lucio,"de Lucio, Juan José"
dippoliti,"D'Ippoliti, Carlo"
dupaspascaline,"Dupas, Pascaline"
n_demarcellis,"de Marcellis-Warin, Nathalie"
davdittrich,"Dittrich, Dennis Alexis Valin"
durrobert,"Dur, Robert"
mariademertzis,"Demertzis, Maria"
abdelkaderdjefl,"Djeflat, Abdelkader"
tomaso_duso,"Duso, Tomaso"
pdemetriades,"Demetriades, Panicos"
iulianbd,"Dobra, Iulian Bogdan"
dynarski,"Dynarski, Susan Marie"
ademirguckunt,"Demirguc-Kunt, Asli"
mdoepke,"Doepke, Matthias"
tonydziepak,"Dziepak, Anthony Edward"
bill_easterly,"Easterly, William"
maxwellekor,"Ekor, Maxwell"
orhan_erdem,"Erdem, Orhan"
medevecon,"Eberhardt, Markus"
elialeandro,"Elia, Leandro"
veescudero_,"Escudero, Verónica"
florianederer,"Ederer, Florian"
robertjrelliott,"Elliott, Robert J R"
dennisessers,"Essers, Dennis"
ncwaterecon,"Edwards, Eric"
cellis212,"Ellis, Cameron McNeill"
festrada03,"Estrada, Fernando"
ryanbedwards,"Edwards, Ryan"
elm001,"El Makhloufi, Abdel"
ivan_etzo,"Etzo, Ivan"
egbetokun,"Egbetokun, Abiodun"
ben_elsner,"Elsner, Benjamin"
anthonyjevans,"Evans, Anthony"
echtesevchen,"Egger, Eva-Maria"
johannesemm,"Emmerling, Johannes"
tukopamoja,"Evans, David"
B_Eichengreen,"Eichengreen, Barry Julian"
Prof_RobEngle,"Engle, Robert F. III"
evansclopedia,"Evans, Olaniyi"
cekizceleroglu,"Ekizceleroglu, Caner"
mircea_epure,"Epure, Mircea"
johannafg,"Fajardo-Gonzalez, Johanna"
jl_ferr,"Ferreira, José Luis"
cmlrqn,"Forte, Giuseppe"
ffallucchi,"Fallucchi, Francesco"
maufiaschetti,"Fiaschetti, Maurizio"
robertocarlosf,"Fortich, Roberto"
deanfantazzini,"Fantazzini, Dean"
elliefichera,"Fichera, Eleonora"
mogens_fosgerau,"Fosgerau, Mogens"
Andre_Farber,"Farber, André"
f_fichtner,"Fichtner, Ferdinand"
sebafossati,"Fossati, Sebastian"
mfariacastro,"Faria-e-Castro, Miguel"
luis_fierro_eco,"Fierro, Luis Alberto"
lucia_econ,"Foster, Lucia Smith"
farmerrf,"Farmer, Roger E."
garevna,"Filippova, Irina Harry"
raphael__franck,"Franck, Raphael"
amfasolo,"Fasolo, Angelo Marsiglia"
mfilko,"Filko, Martin"
laurentfranckx,"Franckx, Laurent"
antoniofatas,"Fatas, Antonio"
robertfinger1,"Finger, Robert"
afrancoc,"Franco Correa, Andrea"
enriquefatas,"Fatas, Enrique"
fischr_,"Fischer, Christian"
jfrankelecon,"Frankel, Jeffrey Alexander"
s_fedoseeva,"Fedoseeva, Svetlana"
fitjar,"Fitjar, Rune Dahl"
ugofratesi,"Fratesi, Ugo"
dietmarfehr,"Fehr, Dietmar"
annefitz13,"Fitzpatrick, Anne"
mfratzscher,"Fratzscher, Marcel"
jamesfeigenbaum,"Feigenbaum, James"
jfiva,"Fiva, Jon"
sebafreille,"Freille, Sebastian"
ffelgueroso,"Felgueroso, Florentino"
sebafle,"Fleitas, Sebastian"
willafriedman,"Friedman, Willa Helterline"
thomasfent,"Fent, Thomas"
ekfletch,"Fletcher, Erin Kathleen"
frijterspaul,"Frijters, Paul"
leopoldotweets,"Fergusson, Leopoldo"
barterisevil,"Flynn, David"
wfrimmel,"Frimmel, Wolfgang"
econophysicslab,"Fernandez Bariviera, Aurelio"
foley_kelly,"Foley, Kelly"
furtadobb,"Furtado, Bernardo Alves"
ferraralaurent,"Ferrara, Laurent"
raquel73fonseca,"Fonseca, Raquel"
salimfurth,"Furth, Salim"
claudferraz,"Ferraz, Claudio"
forster_felix,"Forster, Felix"
paulogala,"Gala, Paulo"
marekgiebel,"Giebel, Marek"
c2granda,"Granda Carvajal, Catalina"
galimberti_jk,"Galimberti, Jaqueson Kingeski"
timufr,"Gigout Magiorani, Timothee"
c0ntributary,"Grant, Laura"
matteo_galizzi,"Galizzi, Matteo M"
DEAGiles,"Giles, David E."
brigranville,"Granville, Brigitte Evelyne"
seba_gallegos,"Gallegos, Sebastian"
robgillanders,"Gillanders, Robert"
c_a_gravert,"Gravert, Christina"
3wen,"Gallic, Ewen"
enriquegilles,"Gilles, Enrique"
rowenagray6,"Gray, Rowena"
giampierogallo,"Gallo, Giampiero"
af_giraldo,"Giraldo, Andres"
joshuapell1,"Greenstein, Joshua"
ganglmair,"Ganglmair, Bernhard"
clagirardone,"Girardone, Claudia"
ez_angus,"Grier, Kevin"
inaganguli,"Ganguli, Ina"
yannbgiraud,"Giraud, Yann"
graffagraffa,"Grimaldi, Raffaele"
joshgans,"Gans, Joshua"
stateconomist,"Giudici, Paolo Stefano"
tgrollecon,"Groll, Thomas"
dgarciaecon,"Garcia, Daniel"
c_giulietti,"Giulietti, Corrado"
econoflove,"Grossbard, Shoshana Amyra"
afgarciam,"Garcia-Marin, Alvaro"
gregorygivens,"Givens, Gregory"
rsgrossman,"Grossman, Richard"
beagosma,"Garcia Osma, Beatriz"
eduglaze,"Glazerman, Steven Michael"
vincegw,"Grossmann-Wirth, Vincent"
garciasuaza,"Garcia-Suaza, Andres"
rglenner,"Glennerster, Rachel"
juliagruebler,"Gruebler, Julia"
lugaricano,"Garicano, Luis"
chrisjgodlewski,"Godlewski, Christophe"
ggruere,"Gruère, Guillaume"
agarnero,"Garnero, Andrea"
sebastianjgoerg,"Goerg, Sebastian"
a_guariso,"Guariso, Andrea"
jorgegarzardz,"Garza-Rodriguez, Jorge"
billgoffe,"Goffe, William"
gianniguastella,"Guastella, Gianni"
silviagatti8,"Gatti, Silvia"
avicgoldfarb,"Goldfarb, Avi"
pierreconomics,"Guérin, Pierre"
patricegaubert1,"Gaubert, Patrice"
paulgp,"Goldsmith-Pinkham, Paul"
cgdelizardi,"Guerrero-de-Lizardi, Carlos"
agaudeul,"Gaudeul, Alexia"
rgbetancourt,"Gomez Betancourt, Rebeca"
melguidi,"Guidi, Marco"
patrick_gaule,"Gaulé, Patrick"
joseegomezgo,"Gomez-Gonzalez, Jose Eduardo"
bernardogmrs,"Guimaraes, Bernardo"
ggaulier,"Gaulier, Guillaume"
jagopri,"Gómez Prieto, Javier"
mcguisan,"Guisan, Maria-Carmen"
erwangautier17,"Gautier, Erwan"
glezclarisa,"Gonzalez, Clara"
celineguivarch,"Guivarch, Céline"
a_gavazza,"Gavazza, Alessandro"
manugonzalez76,"Gonzalez-Astudillo, Manuel"
docgundy,"Gunderson, Michael"
agaviriau,"Gaviria, Alejandro"
martingrozada,"Gonzalez-Rozada, Martin"
prabhuguptara,"Guptara, Prabhu"
martinsgaynor,"Gaynor, Martin"
joshuasgoodman,"Goodman, Joshua Samuel"
gtcost,"Gurdgiev, Constantin"
fgeerolf,"Geerolf, François"
austan_goolsbee,"Goolsbee, Austan"
drgurerk,"Gürerk, Özgür"
bjoerngehrmann,"Gehrmann, Björn"
goorha,"Goorha, Prateek"
sguriev,"Guriev, Sergei"
vincentgeloso,"Geloso, Vincent"
stephenfgordon,"Gordon, Stephen"
refetgurkaynak,"Gürkaynak, Refet"
avgevorkyan,"Gevorkyan, Aleksandr"
stefgori73,"Gori, Stefano"
italoguti,"Gutierrez, Italo"
diw_jgeyer,"Geyer, Johannes"
marina_gorsuch,"Gorsuch, Marina Mileo"
gk_ben,"Guttman-Kenney, Benedict"
fabioghironi,"Ghironi, Fabio"
gottliebecon,"Gottlieb, Joshua"
fatihguvenen,"Guvenen, Fatih"
mmghodsi,"Ghodsi, Mohammad Mahdi"
christophegouel,"Gouel, Christophe"
chloergibbs,"Gibbs, Chloe"
francoisgourio,"Gourio, Francois"
tim_env_econ,"Haab, Tim"
scottwhegerty,"Hegerty, Scott William"
louishodey,"Hodey, Louis Sitsofe"
hadzivaskov,"Hadzi-Vaskov, Metodij"
gastonheimeriks,"Heimeriks, Gaston"
jess_hoel,"Hoel, Jessica"
cmhafner,"Hafner, Christian Matthias"
jenniheissel,"Heissel, Jennifer Ann"
mahofste,"Hofstetter, Marc"
mahbub_hakim,"Hakim, Md Mahbubul"
nphendricks,"Hendricks, Nathan"
seamus_hogan,"Hogan, Seamus Davie"
hallamartin,"Halla, Martin"
rebeleconprof,"Hendrickson, Joshua"
t_holden,"Holden, Tom"
ahamg,"Ham, Andrés"
erinhengel,"Hengel, Erin"
cubegrl,"Holder, Kim"
mhmhammer,"Hammer, Matthijs"
henning_m,"Hermes, Henning"
holmes_markj,"Holmes, Mark"
nacereddinehamm,"Hammouda, Nacer-Eddine"
cehernandezecon,"Hernández, Carlos Eduardo"
elkeholst,"Holst, Elke"
elizwebhand,"Handwerker, Elizabeth Weber"
mherreragomez,"Herrera, Marcos"
whoelzl,"Hölzl, Werner"
nadimhanif,"Hanif, Muhammad Nadim"
aherreraj,"Herrera Jiménez, Alejandro"
marioholzner,"Holzner, Mario"
nadeemhaque,"Haque, Nadeem Ul"
zohalhessami,"Hessami, Zohal"
dumsanhompashe,"Hompashe, Dumisani MacDonald"
colmharmon,"Harmon, Colm"
garthheutel,"Heutel, Garth"
johnjhorton,"Horton, John Joseph"
mark4harrison,"Harrison, Mark"
constant_hevia,"Hevia, Constantino"
mh0rvath,"Horvath, Michal"
profdavidharvey,"Harvey, David"
rossatronhickey,"Hickey, Ross"
nhotte,"Hotte, Ngaio"
hasan_zubair,"Hasan, Zubair"
manuj_hidalgo,"Hidalgo, Manuel Alejandro"
danielhowdon,"Howdon, Daniel"
mubariz_hasanov,"Hasanov, Mübariz"
alexanderhijzen,"Hijzen, Alexander"
tonyhuahowell,"Howell, Anthony James"
haskelecon,"Haskel, Jonathan"
chrisalhilber,"Hilber, Christian Albin Lukas"
mathoyos,"Hoyos López, Mateo"
azimeadem,"Hassen, Azime Adem"
trialsolution,"Himics, Mihaly"
competitiveag,"Hudson, Darren"
haucap,"Haucap, Justus"
julianhinz,"Hinz, Julian"
humphreys_brad,"Humphreys, Brad"
olenahavrylchyk,"Havrylchyk, Olena"
keisukehirano,"Hirano, Keisuke"
phuenermund,"Hünermund, Paul"
ckhead,"Head, Keith"
vollcornhirsch,"Hirsch, Cornelius"
nickchk,"Huntington-Klein, Nick"
jonheathcote,"Heathcote, Jonathan"
kallehi,"Hirvonen, Kalle"
ajhurtadob,"Hurtado, Alberto José"
heckmanequation,"Heckman, James"
femme_economics,"Hlatshwayo, Sandile"
huseynovecon,"Huseynov, Samir"
simonhedlin,"Hedlin, Simon"
lshohk,"Ho, Lok Sang"
robjhyndman,"Hyndman, Rob J"
robertoiacono83,"Iacono, Roberto"
ge_inf,"Infante, Gerardo"
ceguir,"Iriarte Rivas, Cesar Gustavo"
iacus,"Iacus, Stefano Maria"
robertinklaar,"Inklaar, Robert"
scottirwinui,"Irwin, Scott"
anamibanez,"Ibáñez, Ana Maria"
profymi,"Ioannides, Yannis"
liveshanto,"Islam, Mohammad Ariful"
julien_idier,"Idier, Julien"
riquiapaza,"Iquiapaza, Robert Aldo"
ilzetzki,"Ilzetzki, Ethan"
pirelandatbc,"Ireland, Peter"
sarahjacobsonec,"Jacobson, Sarah Andrea"
seema_econ,"Jayachandran, Seema"
kmpjones,"Jones, Kelly"
cjadeau,"Jadeau, Christophe"
hjecon,"Jensen, Henrik"
esamjones,"Jones, Sam"
davidajaeger,"Jaeger, David"
sjeworrek,"Jeworrek, Sabrina"
henrikjordahl,"Jordahl, Henrik"
aanjaelani,"Jaelani, Aan"
jfjimenoserrano,"Jimeno, Juan F"
aljosephson,"Josephson, Anna Leigh"
djaimovi,"Jaimovich, Dany"
geraintjohnes,"Johnes, Geraint"
frankjotzo,"Jotzo, Frank"
hyderabadi_chai,"Jain, Tarun"
andrew_m_jones,"Jones, Andrew Michael"
cjoyez,"Joyez, Charlie Marius"
pjakiela,"Jakiela, Pamela"
nomadj1s,"Jones, Damon"
jayajumrani,"Jumrani, Jaya"
djansenresearch,"Jansen, David-Jan"
daniel_b_jones,"Jones, Daniel Brady"
jarmin_ron,"Jarmin, Ron"
garettjones,"Jones, Garett"
mattkahn1966,"Kahn, Matthew"
saroshkhan,"Khan, Sarosh Raza"
monikaturyna,"Köppl-Turyna, Monika Irena"
yukaohno_econ,"Kaiser, Brooks A"
davidkhoudour,"Khoudour-Castéras, David"
korenmiklos,"Koren, Miklós"
kalantzis,"Kalantzis, Yannick"
akibritcioglu,"Kibritcioglu, Aykut"
iikkakorhonen,"Korhonen, Iikka"
kalayci_kenan,"Kalayci, Kenan"
knowledgeprob,"Kiesling, Lynne"
cemkorkut,"Korkut, Cem"
profgenkanter,"Kanter, Genevieve P"
michaelkiley5,"Kiley, Michael T"
liberalkorner,"Körner, Finn Marten"
david_s_kaplan,"Kaplan, David Scott"
mileskimball,"Kimball, Miles Spencer"
dkorobilis,"Korobilis, Dimitris"
2azizati,"Karama, Dalal Toska"
graykimbrough,"Kimbrough, Gray"
ekosack,"Kosack, Edward"
akarbo,"Karbowski, Adam"
kinggary,"King, Gary"
melinakour,"Kourantidou, Melina"
deankarlan,"Karlan, Dean"
stephenkinsella,"Kinsella, Stephen"
gorankovachev,"Kovachev, Goran"
mohitk_,"Karnani, Mohit"
oliverkirui,"Kirui, Oliver Kiptoo"
o_kowalewski,"Kowalewski, Oskar"
sonjakass,"Kassenboehmer, Sonja Cornelia"
barrettkirwan,"Kirwan, Barrett"
markkoyama,"Koyama, Mark"
maxkasy,"Kasy, Maximilian"
mkl4es,"Klaes, Matthias"
ckrafftc,"Krafft, Caroline"
lkatz42,"Katz, Lawrence"
petergklein,"Klein, Peter G"
matthewakraft,"Kraft, Matthew"
kaufmanndani,"Kaufmann, Daniel"
andrzejklimczuk,"Klimczuk, Andrzej"
maritkragt,"Kragt, Marit Ellen"
annkayiskumar,"Kayis-Kumar, Ann"
jens__klose,"Klose, Jens"
lisakramer,"Kramer, Lisa"
kearney_melissa,"Kearney, Melissa Schettini"
thijsknaap,"Knaap, Thijs"
matthiaskrapf,"Krapf, Matthias"
profstevekeen,"Keen, Steve"
gundiknies,"Knies, Gundi"
okrasnopjorov,"Krasnopjorov, Oleg"
andrewkeinsley,"Keinsley, Andrew"
magratheantimes,"Kocher, Martin Georg"
alan_krueger,"Krueger, Alan"
kingofthebongo,"Kelchtermans, Stijn"
kocherlakota009,"Kocherlakota, Narayana"
paulkrugman,"Krugman, Paul"
ckemfert,"Kemfert, Claudia"
laszlokoczy,"Kóczy, László"
ksc_rao,"Ks, Chalapati Rao"
kendalljkennedy,"Kennedy, Kendall"
davidkohn_16,"Kohn, David"
elirakuka,"Kuka, Elira"
charlesjkenny,"Kenny, Charles James"
statstas,"Kolenikov, Stanislav"
psenthi98876944,"Kumar, P.Senthil"
markkersen,"Kerssenfischer, Mark"
tom_kompas,"Kompas, Tom"
jankunnas,"Kunnas, Jan"
chrisketels,"Ketels, Christian H."
fkondylis,"Kondylis, Florence"
atkuriakose,"Kuriakose, Anne"
sami2139,"Khan, Sami"
wwwojtekk,"Kopczuk, Wojciech"
ingridharvold,"Kvangraven, Ingrid Harvold"
martalachowska,"Lachowska, Marta"
remylecat,"Lecat, Remy"
anlopez1962,"López, Andrés"
santiagolagop,"Lago-Peñas, Santiago"
viktoroledenyov,"Ledenyov, Viktor Olegovich"
ric4rdol,"López, Ricardo"
aeimit,"Lakdawala, Aeimit"
dlee37,"Lee, Daniel"
gladyslopezwb,"Lopez Acevedo, Gladys Cristina"
kamallamichhan,"Lamichhane, Kamal"
V_Lespagnol,"Le Gall, Rémi"
cristinalmn,"Lopez-Mayan, Cristina"
4lexlammers,"Lammers, Alexander"
etiennelehmanne,"Lehmann, Etienne"
andreasloeschel,"Löschel, Andreas"
neillancastle,"Lancastle, Neil"
leibovicif,"Leibovici, Fernando"
rodriguesloures,"Loures, Alexandre"
straightedge,"Lane, Nathaniel"
florian_leon,"Leon, Florian"
profalucas,"Lucas, Adrienne M"
d_langenmayr,"Langenmayr, Dominika Irma"
jmarkleonard,"Leonard, Mark"
brianmlucey,"Lucey, Brian"
samlangfield,"Langfield, Sam"
timleunig,"Leunig, Tim"
claudiolucinda,"Lucinda, Claudio Ribeiro"
markkulanne,"Lanne, Markku"
andrewtlevin,"Levin, Andrew Theo"
paluck,"Luck, Philip Alexander"
vlarcinese,"Larcinese, Valentino"
philipilevy,"Levy, Philip"
ylucotte,"Lucotte, Yannick"
pmrlaroche,"Laroche, Patrice"
btleyden,"Leyden, Benjamin Thomas"
shellyjlundberg,"Lundberg, Shelly J"
clarroulet,"Larroulet Vignau, Cristian"
andreslib,"Liberman, Andres"
a_lusardi,"Lusardi, Annamaria"
maritalaukkanen,"Laukkanen, Marita"
gerardolicandro,"Licandro, Gerardo"
jaysonlusk,"Lusk, Jayson"
lucianolavecchi,"Lavecchia, Luciano"
jeffrlin,"Lin, Jeffrey"
ronanlyons,"Lyons, Ronan"
anne__lavigne,"Lavigne, Anne"
marco_jacopo,"Lombardi, Marco Jacopo"
andrew_leach,"Leach, Andrew"
juliana_londono,"Londoño-Vélez, Juliana"
econjoelmachado,"Machado Carneiro, Joël"
carlomate,"Maté, Carlos"
cokemp,"Miranda-Pinto, Jorge"
mmacis,"Macis, Mario"
matkovskyy,"Matkovskyy, Roman"
economirza,"Mirza, Daniel"
macpherson_da,"Macpherson, David"
matteraraffaele,"Mattera, Raffaele"
ant_mis1,"Missemer, Antoine"
mikemadowitz,"Madowitz, Michael"
ProfAlanMaynard,"Maynard, Alan"
m_ttm_,"Mitchell, Matthew"
ymadra,"Madra, Yahya Mete"
jjmccluskey,"McCluskey, Jill"
os_mitchell,"Mitchell, Olivia"
jacopomagnani,"Magnani, Jacopo"
mcgovern_me,"McGovern, Mark"
sorrytobekurt,"Mitman, Kurt"
mrmainelli,"Mainelli, Michael Raymond"
tmjmcgregor,"McGregor, Thomas"
modalsli,"Modalsli, Jørgen"
pmakdissi,"Makdissi, Paul"
dmckenzie001,"McKenzie, David"
jarlenhh,"Møen, Jarle"
mikemakowsky,"Makowsky, Michael Douglas"
marcelo_meds,"Medeiros, Marcelo"
kamiarmohaddes,"Mohaddes, Kamiar"
maliranta,"Maliranta, Mika"
carlosmedinad,"Medina, Carlos"
vahidestan,"Mohamad Taghvaee, Vahid"
jmalizard,"Malizard, Julien"
kelbesamegersa,"Megersa, Kelbesa Abdisa"
moheyuddin,"Mohey-ud-din, Ghulam"
miguel_a_malo,"Malo, Miguel"
rrahulmehrotra,"Mehrotra, Rahul"
benoitmojon,"Mojon, Benoit"
pmanasse,"Manasse, Paolo"
cmicmeissner,"Meissner, Christopher"
oswaldomolinac,"Molina, Oswaldo"
lucia_mangiavac,"Mangiavacchi, Lucia"
isabellemejean,"Mejean, Isabelle Jeanne"
lmonasterio,"Monasterio, Leonardo Monteiro"
petemaniloff,"Maniloff, Peter"
danielmejial,"Mejia, Daniel"
chrmongeau,"Mongeau Ospina, Christian Alexander"
gregmankiwblog,"Mankiw, N. Gregory"
franciscome,"Mejia, Francisco"
abmoniz,"Moniz, António Brandão"
clmannecon,"Mann, Catherine"
javiermejiac,"Mejia, Javier"
monneteric,"Monnet, Eric"
ymansur,"Mansur, Yusuf"
luisfermejia,"Mejía, Luis-Fernando"
salvatoremonni,"Monni, Salvatore"
PMantalos,"Mantalos, Panagiotis"
antoniomele101,"Mele, Antonio"
pierre_monnin,"Monnin, Pierre"
mioana,"Marinescu, Ioana Elena"
melendezmarcela,"Meléndez, Marcela"
mgf91,"Monroy-Gómez-Franco, Luis Angel"
marcomariniuni,"Marini, Marco"
angelmelguizo,"Melguizo, Angel"
moralesmeoqui,"Morales Meoqui, Jorge"
dalimarouani,"Marouani, Mohamed Ali"
fabinmendez,"Mendez Ramos, Fabian"
mmesquitam,"Moreira, Mauricio Mesquita"
ale_marquez,"Márquez-Velázquez, Alejandro"
gibmetcalf,"Metcalf, Gilbert"
_marameo_,"Morini, Matteo"
thomaslmarsh1,"Marsh, Thomas"
rdmetcalfe,"Metcalfe, Robert D"
moss_charles,"Moss, Charles B"
clementmarsilli,"Marsilli, Clément"
divisquin,"Meurs, Dominique"
grg_motta,"Motta, Giorgio"
martinph01,"Martin, Philippe"
bryanebryane,"Michael, Bryane"
benmouge,"Mougenot, Benoît"
andrewbmartinez,"Martinez, Andrew"
ericmicheels,"Micheels, Eric"
brent_moulton,"Moulton, Brent R"
izmartinez86,"Martínez, Isabel"
jomicheii,"Michell, Jo"
manumourlon,"Mourlon-Druol, Emmanuel"
monicambravo,"Martinez-Bravo, Monica"
tedmiguel,"Miguel, Edward Andrew"
dsmoxon,"Moxon, Drew"
martinei1,"Martínez-Zarzoso, Inmaculada"
gp_mihalache,"Mihalache, Gabriel"
sachsspeaks,"Mukherjee, Sacchidananda"
pmrsmartins,"Martins, Pedro"
reiju21jp,"Mihara, H. Reiju"
soumyatanumukhe,"Mukherjee, Soumyatanu"
fred_marty,"Marty, Frédéric"
miamikic,"Mikic, Mia"
noelmllr,"Muller, Noel"
bmarzinotto,"Marzinotto, Benedicta"
brankomilan,"Milanovic, Branko"
geooptimization,"Müller, Sven"
ilariainbxl,"Maselli, Ilaria"
helenmiller_ifs,"Miller, Helen"
prof_karthik_m,"Muralidharan, Karthik"
joshuafmask,"Mask, Joshua"
jben0,"Miller, Joshua Benjamin"
rumplestatskin,"Murray, Cameron"
joseluismasson,"Massón-Guerra, José Luis"
kevinmilligan,"Milligan, Kevin"
abhinaymuthoo,"Muthoo, Abhinay"
wamasters,"Masters, William Alan"
annaminasy,"Minasyan, Anna"
tnannicini,"Nannicini, Tommaso"
benoit_nguyen,"Nguyen, Benoît"
olniz,"Nizalova, Olena"
harunnasir,"Nasir, Harun"
lhnicholas,"Nicholas, Lauren Hersch"
alphynoah,"Noah, Alphonse"
iammaxnathan,"Nathan, Max"
gaetannicodeme,"Nicodème, Gaëtan"
hugonopo,"Ñopo, Hugo Rolando"
reynoldcnathan,"Nathanael, Reynold Christian"
paulfniehaus,"Niehaus, Paul"
mmarconov,"Novarese, Marco"
trilcenavarrete,"Navarrete, Trilce"
dnientiedt,"Nientiedt, Daniel"
dennisnovy,"Novy, Dennis"
noenavarro,"Navarro, Noemí"
milenkanik,"Nikolova, Milena"
paldnunes,"Nunes, Paulo"
chrisaneilson,"Neilson, Christopher Andrew"
tknilsso,"Nilsson, Tomas Karl Henrik"
nnunn99,"Nunn, Nathan"
mnriles01,"Nelson, Erik Jeremy"
nitschv,"Nitsch, Volker"
patricknuess,"Nüß, Patrick"
mariyaneycheva,"Neycheva, Mariya"
bichlernitzan,"Nitzan, Jonathan"
bogdan__oancea,"Oancea, Bogdan"
kimoosterlinck,"Oosterlinck, Kim"
amine_ouazad,"Ouazad, Amine"
ho2604,"Oberhofer, Harald"
kweku_oa,"Opoku-Agyemang, Kweku"
meadover,"Over, A. Mead"
17chob,"Oberst, Christian"
tonyorji1,"Orji, Anthony"
henryoverman,"Overman, Henry"
nonso2,"Obikili, Nonso"
kevinhorourke,"O'Rourke, Kevin Hjortshøj"
gokhanozertan,"Ozertan, Gokhan"
yukaohno_econ,"Ohno, Yuka"
eduardoortizj,"Ortiz-Juarez, Eduardo"
owenozier,"Ozier, Owen Whitfield"
fohtake,"Ohtake, Fumio"
amb3r12,"Osman, Amber"
modeledbehavior,"Ozimek, Adam"
bokuda,"Okuda, Boniface"
osorioisrael,"Osorio Rodarte, Israel"
ozkesali,"Ozkes, Ali"
iolivie,"Olivie Aldasoro, Iliana"
carlos_g_ospino,"Ospino, Carlos Gustavo"
berkozler12,"Özler, Berk"
marthaolney,"Olney, Martha"
lposterdal,"Østerdal, Lars Peter"
ilhanozturk,"Ozturk, Ilhan"
econlinks,"Ooms, Marius"
christianotchia,"Otchia, Christian Samen"
alessia_metrics,"Paccagnini, Alessia"
lucalln,"Pensieroso, Luca"
julienp_bsi,"Pinter, Julien"
analisapackham,"Packham, Analisa"
lbritespereira,"Pereira, Luis Brites"
pinzon_fuchs,"Pinzón-Fuchs, Erich"
page_eco,"Page, Lionel"
urbandemog,"Pereira, Rafael Henrique Moraes"
ppival,"Pival, Paul"
t_palivos,"Palivos, Theodore"
perezlevi,"Pérez, Levi"
plazasonia,"Plaza, Sonia"
spallage,"Pallage, Stephane"
yannick_perez,"Perez, Yannick"
maksympolyakov,"Polyakov, Maksym"
nunopgpalma,"Palma, Nuno"
vapercha,"Perez-Chamorro, Vicente"
dinapomeranz,"Pomeranz, Dina"
a40ruhr,"Paloyo, Alfredo"
laura_portiz,"Pérez Ortiz, Laura"
vinpons,"Pons, Vincent"
epaluzie,"Paluzie, Elisenda"
jorpppp,"Pérez Pérez, Jorge Eduardo"
porcherthomas,"Porcher, Thomas"
tpanagiotidis,"Panagiotidis, Theodore"
pereztruglia,"Perez-Truglia, Ricardo"
atrampm,"Portela, Marta"
enpancotti,"Pancotti, Elizabeth"
mathieuperona,"Perona, Mathieu"
econcath,"Porter, Catherine"
radhikaskp,"Pandey, Radhika"
salperri17,"Perri, Salvatore"
jdportes,"Portes, Jonathan"
jordipaniagua,"Paniagua, Jordi"
mariaperssonlu,"Persson, Maria"
fpjportier,"Portier, Franck"
upanizza,"Panizza, Ugo"
mikepesko,"Pesko, Michael"
cpossosu,"Posso, Christian Manuel"
papadiaandrea,"Papadia, Andrea"
peters_glen,"Peters, Glen P"
profjasonpotts,"Potts, Jason"
fmparejo,"Parejo Moruno, Francisco Manuel"
c_petraglia,"Petraglia, Carmelo"
j_pouget,"Pouget, Julien"
profjaparker,"Parker, Jonathan"
dennisjpetrie,"Petrie, Dennis James"
marcpourroy,"Pourroy, Marc"
japuneco79,"Parra-Polanía, Julián"
mpfarrho,"Pfarrhofer, Michael"
convexify,"Powell, Michael"
dc_parsley,"Parsley, David"
gregor_pfeifer,"Pfeifer, Gregor"
ldelaescosura,"Prados de la Escosura, Leandro"
danielepaserman,"Paserman, M. Daniele"
anhtho_pham,"Pham, Tho"
smr_humanities,"Prasad H C, Shiva"
evgenia_passari,"Passari, Evgenia"
EdmundPhelps,"Phelps, Edmund"
a_presbitero,"Presbitero, Andrea Filippo"
francpastore,"Pastore, Francesco"
richardpphelps,"Phelps, Richard"
ianppreston,"Preston, Ian Peter"
hpatrinos,"Patrinos, Harry Anthony"
mmpiatkowski,"Piatkowski, Marcin"
richardprice101,"Price, Richard"
gertpeersman,"Peersman, Gert"
giovapica,"Pica, Giovanni"
eugenioproto,"Proto, Eugenio"
thpeeter,"Peeters, Thomas"
lucapiccoli5,"Piccoli, Luca"
espry,"Prydz, Espen Beer"
apeichl,"Peichl, Andreas"
prof_pieters,"Pieters, Gina Christelle"
lpuchg,"Puch, Luis"
matteopela,"Pelagatti, Matteo Maria"
clpignatti,"Pignatti, Clemente"
epuentese,"Puentes, Esteban"
ppelk,"Pelkonen, Panu"
pikettylemonde,"Piketty, Thomas"
profdiegopuga,"Puga, Diego"
martinopelli,"Pelli, Martino"
v_pikkarainen,"Pikkarainen, Ville"
ricpuglisi,"Puglisi, Riccardo"
mpelli3,"Pelliccia, Marco"
pilatsti,"Pilat, Dirk"
ximena_pena,"Peña, Ximena"
alvespina,"Pina, Goncalo"
qngth,"Quang, Thérèse"
johnquiggin,"Quiggin, John"
javaeriaqureshi,"Qureshi, Javaeria Ashraf"
baquast,"Quast, Bastiaan Alexander"
pquirion1,"Quirion, Philippe"
robertarab,"Rabellotti, Roberta"
danielreiss,"Reiss, Daniel Gersten"
davideromelli,"Romelli, Davide"
nicholas_rada,"Rada, Nicholas Edward"
captaineco_fr,"Renault, Thomas"
romeroisidoro,"Romero, Isidoro"
econ_mtr,"Raddant, Matthias"
brandonbits,"Restrepo, Brandon"
fabien_rondeau,"Rondeau, Fabien"
mizanur2253,"Rahman, Mizanur"
jorgearestrepo,"Restrepo, Jorge Alberto"
michael_e_rose,"Rose, Michael Ernst"
sendhil_ramadas,"Ramadas, Sendhil"
paures12,"Restrepo-Echavarria, Paulina"
jlrosenbloom,"Rosenbloom, Joshua"
raulramosl,"Ramos, Raul"
helene_rey,"Rey, Helene"
rosendahlke,"Rosendahl, Knut Einar"
txusramos,"Ramos-Martin, Jesus"
jdanielreyes1,"Reyes, José-Daniel"
dale_rosenthal,"Rosenthal, Dale"
framospalencia,"Ramos-Palencia, Fernando"
luiscrh,"Reyes, Luis Carlos"
maxcroser,"Roser, Max"
tyleransom,"Ransom, Tyler"
alanreynoldsecn,"Reynolds, Alan"
sararosetaylor,"Rose Taylor, Sara"
mgrapetti,"Rapetti, Martin"
juanfeliperiano,"Riaño Rodríguez, Juan Felipe"
stevero48195125,"Ross, Stephen"
paulraschky,"Raschky, Paul Anton"
victorricciardi,"Ricciardi, Victor"
maximrossi,"Rossi, Maximo"
imranrasul3,"Rasul, Imran"
rafer77,"Riezman, Raymond"
renzorossini,"Rossini, Renzo"
rolandrathelot,"Rathelot, Roland"
maryrigdon,"Rigdon, Mary"
almostcertainly,"Rostam-Afschar, Davud"
MartinRavallion,"Ravallion, Martin"
dadomaltese,"Rigo, Davide"
davmicrot,"Rothschild, David"
s_hoveravn,"Ravn, Søren Hove"
dagfinnrime,"Rime, Dagfinn"
rotondivale,"Rotondi, Valentina"
panread,"Rawal, Vikas"
ulfrinne,"Rinne, Ulf"
thomroulet,"Roulet, Thomas"
saonray,"Ray, Saon"
kevinrinz,"Rinz, Kevin"
andrearoventini,"Roventini, Andrea"
reader_ma,"Reader, Mark Adrian"
riversnic,"Rivers, Nicholas"
macrowenick,"Rowe, Nicholas"
yolandarebollos,"Rebollo-Sanz, Yolanda"
barratree,"Roantree, Barra"
vicenteroyuela,"Royuela, Vicente"
arebucci1,"Rebucci, Alessandro"
jrobalinoecon,"Robalino, Juan"
jaredcrubin,"Rubin, Jared"
aredonda,"Redonda, Agustin"
jomroche,"Roche, Jose Manuel"
ruebeck,"Ruebeck, Christopher Spiegelman"
marisrege,"Rege, Mari"
lprochon,"Rochon, Louis-Philippe"
ruedatesta,"Rueda, Horacio"
mikybartoli,"Reggiani, Carlo"
rodriguez_pose,"Rodríguez-Pose, Andrés"
valiguaran,"Rueda, Valeria"
miriamrehm,"Rehm, Miriam"
rodrikdani,"Rodrik, Dani"
c_ruhm,"Ruhm, Christopher"
simonreif,"Reif, Simon"
olerogeberg,"Rogeberg, Ole"
horatiurus,"Rus, Horatiu"
carmenmreinhart,"Reinhart, Carmen"
krogoff,"Rogoff, Kenneth S"
albertorusso76,"Russo, Alberto"
hrreisen,"Reisen, Helmut"
luiserojasd,"Rojas, Luis"
arussophd,"Russo, Angeloantonio"
tsaarimaa,"Saarimaa, Tuukka"
matschnetzer,"Schnetzer, Matthias"
marcelsmolka,"Smolka, Marcel"
jaimesaavedra22,"Saavedra, Jaime"
wschpero,"Schpero, William"
djsnower,"Snower, Dennis"
martinhsaavedra,"Saavedra, Martin Hugo"
easchroeder,"Schroeder, Elizabeth"
fsobbrio,"Sobbrio, Francesco"
tarun_sabarwal,"Sabarwal, Tarun"
schubertdr,"Schubert, Christian"
macroxcs,"Sobrino, Cesar"
raffasadun,"Sadun, Raffaella"
jenny_schuetz,"Schuetz, Jenny"
aaronsojourner,"Sojourner, Aaron"
afsinsahin,"Sahin, Afsin"
jf_schulz,"Schulz, Jonathan"
msolignac,"Solignac, Matthieu"
claudia_sahm,"Sahm, Claudia"
rschwarze,"Schwarze, Reimund"
profsoliman,"Soliman, Ibrahim"
hermanhsahni,"Sahni, Herman"
pschweinzer,"Schweinzer, Paul"
dsolisagecon,"Solis, Daniel"
jgsahuc,"Sahuc, Jean-Guillaume"
SergioScicchi,"Scicchitano, Sergio"
olgasolleder,"Solleder, Olga"
xsalaimartin,"Sala-i-Martin, Xavier"
ajslondon1,"Scott, Andrew"
aparnasoni7,"Soni, Aparna"
senersalci,"Salci, Sener"
sedlarski,"Sedlarski, Teodor"
erikosorensen,"Sørensen, Erik"
joaco_saldain,"Saldain, Joaquín"
sarahgracesee,"See, Sarah Grace Cheng"
jd_sotod,"Soto Díaz, Juan Daniel"
francescosalust,"Salustri, Francesco"
juliaseiermann,"Seiermann, Julia"
rsoubeyran,"Soubeyran, Raphael"
pablofsalvador,"Salvador, Pablo"
sentancej,"Sentance, Jim"
amspence98,"Spence, A. Michael"
chrissampson87,"Sampson, Christopher James"
danilaserra_eco,"Serra, Danila"
g_spielvogel,"Spielvogel, Gilles"
alan_sanchezj,"Sanchez, Alan"
ilonaserwicka,"Serwicka, Ilona Elzbieta"
petrspodniak,"Spodniak, Petr"
vediense,"Sanchez, Juan"
rajivatbarnard,"Sethi, Rajiv"
jmspragg,"Spraggon, John Michael"
tiempoeconomico,"Sánchez-Juárez, Isaac"
bsevergnini,"Severgnini, Battista"
carlostagnaro,"Stagnaro, Carlo"
sanpages,"Sánchez-Pagés, Santiago"
bcshaffer,"Shaffer, Blake"
josephstaudt,"Staudt, Joseph"
blancasanchezr1,"Sanchez-Robles, Blanca"
sabershaker1982,"Shaker, Saber Adly"
w_steingress,"Steingress, Walter"
justinsandefur,"Sandefur, Justin"
philipshapira,"Shapira, Philip"
a_steinmayr,"Steinmayr, Andreas"
wsandholtz,"Sandholtz, Wayne Aaron"
benshepherdecon,"Shepherd, Ben"
art_market_econ,"Stepanova, Elena"
dhsandler,"Sandler, Danielle"
shepotylo,"Shepotylo, Oleksandr"
judyzara,"Stephenson, Judy"
marcosanfilip,"Sanfilippo, Marco"
parkersheppard,"Sheppard, Parker Wilson"
sterndavidi,"Stern, David Ian"
sansoneecon,"Sansone, Dario"
rshereme,"Sheremeta, Roman"
betseystevenson,"Stevenson, Betsey"
amsantacreu,"Santacreu, Ana Maria"
economics_bs,"Sheridan, Brandon"
hstichnoth,"Stichnoth, Holger"
hanksantarelli,"Santarelli, Enrico"
robertjshiller,"Shiller, Robert"
stierholz,"Stierholz, Katrina"
fabiogsanteramo,"Santeramo, Fabio Gaetano"
hyunsongshin,"Shin, Hyun Song"
JosephEStiglitz,"Stiglitz, Joseph"
miguelsantos12,"Santos, Miguel Angel"
khalidhasiddig,"Siddig, Khalid Hassan Ali"
d_f_stone,"Stone, Daniel Frederick"
ritasantos05,"Santos, Rita"
absidd,"Siddique, Abu"
lymanstoneky,"Stone, Lyman Robert"
santosmonteirop,"Santos Monteiro, Paulo"
rizwana_s99,"Siddiqui, Rizwana"
yanivst,"Stopnitzky, Yaniv"
csapkota,"Sapkota, Chandan"
olafsiegert,"Siegert, Olaf"
michaelrstrain,"Strain, Michael"
fsaraceno,"Saraceno, Francesco"
fransilvat,"Silva, Francisca"
marcstrausskahn,"Strauss-Kahn, Marc-Olivier"
is11pakistanis1,"Sarwar, Chaudhary Imran"
simardcasanova,"Simard-Casanova, Olivier"
yangkisuara,"Suara, Yangki Imade"
jansauermann,"Sauermann, Jan"
tarasinc,"Sinclair, Tara"
arvindsubraman,"Subramanian, Arvind"
yasusawada,"Sawada, Yasuyuki"
singhabhi,"Singh, Abhijeet"
jsuedekum,"Suedekum, Jens"
vschallehn,"Schallehn, Volker"
anushreesinha1,"Sinha, Anushree"
marysuiter1,"Suiter, Mary"
dickschefer,"Schefer, Ricardo"
kompalsinha,"Sinha, Kompal"
LHSummers,"Summers, Lawrence"
macariomx,"Schettino, Macario"
hanswernersinn,"Sinn, Hans-Werner"
leosven,"Svensson, Lars E."
wpschill,"Schill, Wolf-Peter"
isirkeci,"Sirkeci, Ibrahim"
laurensswinkels,"Swinkels, Laurens A."
tammyschirle,"Schirle, Tammy"
petesivey,"Sivey, Peter Mathew"
msykuta,"Sykuta, Michael"
isabel_schnabel,"Schnabel, Isabel"
ahmedskali,"Skali, Ahmed"
szarka,"Szarka, Robert"
drsnowtree,"Schneebaum, Alyssa"
slawatyniec,"Slawatyniec, Joanna Kinga"
u_szczerbowicz,"Szczerbowicz, Urszula"
ericbschneider,"Schneider, Eric"
davidslusky,"Slusky, David"
sszy,"Szymanski, Stefan"
econogonzo,"Schneider, Markus P."
aier_natalia,"Smirnova, Natalia"
hannaszymborska,"Szymborska, Hanna Karolina"
schnellenbachj,"Schnellenbach, Jan"
jonisaacsmith,"Smith, Jonathan"
atabarrok,"Tabarrok, Alexander"
gemmatetlow,"Tetlow, Gemma Charlotte"
torrespreciado,"Torres Preciado, Víctor Hugo"
rotabori,"Taborda, Rodrigo"
dwtevelde,"te Velde, Dirk Willem"
dtortarolo,"Tortarolo, Dario"
yamintadjeddine,"Tadjeddine, Yamina"
r_thaler,"Thaler, Richard"
orhantorul,"Torul, Orhan"
inhouseconomist,"Tagat, Anirudh"
alextheloudis,"Theloudis, Alexandros"
daly1704,"Trabelsi, Mohamed Ali"
yukitakahashi11,"Takahashi, Yuki"
pierretherond,"Thérond, Pierre-Emmanuel"
chtraxler,"Traxler, Christian"
takekan,"Takeuchi, Kan"
othevenon,"Thévenon, Olivier"
xftrebbi,"Trebbi, Francesco"
sashatalavera,"Talavera, Oleksandr"
emmathibault,"Thibault, Emmanuel"
nedat,"Trifkovic, Neda"
cecilio31,"Tamarit, Cecilio"
markthoma,"Thoma, Mark"
libmsu,"Trivedi, Mayank"
heiwai_tang,"Tang, Heiwai"
james_tierney,"Tierney, James Edward"
paul_tsasa,"Tsasa, Jean-Paul"
jp_tang,"Tang, John"
tinn_katrin,"Tinn, Katrin"
tube_of_sand,"Tubeuf, Sandy"
stephen_tapp,"Tapp, Stephen"
JeanTirole,"Tirole, Jean"
micheletuccio,"Tuccio, Michele"
atecon1,"Tarassow, Artur"
etjernst,"Tjernstrom, Emilia"
tuestadavid,"Tuesta, David"
finnsangle,"Tarp, Finn"
santiagotobon,"Tobón, Santiago"
semihtumen,"Tumen, Semih"
yashar_tarverdi,"Tarverdi, Yashar"
thiaru,"Toepfer, Ralf"
cengiz_tunc,"Tunc, Cengiz"
temeltaskin,"Taskin, Temel"
richardtol,"Tol, Richard"
ibrahimmturhan2,"Turhan, Ibrahim"
EconomicsOne,"Taylor, John"
trevortombe,"Tombe, Trevor"
arthurturrell,"Turrell, Arthur Edward"
lindsaytedds,"Tedds, Lindsay"
mircotonin,"Tonin, Mirco"
htuy,"Tuy, Héctor"
ernietedeschi,"Tedeschi, Ernie"
da8to,"Tori, Daniele"
erdal_tekin_,"Tekin, Erdal"
sthetland,"Torregrosa-Hetland, Sara"
ubedapaloma,"Ubeda, Paloma"
martinuebele,"Uebele, Martin"
e_urias,"Urias, Eduardo"
angelubide,"Ubide, Angel"
mehmetulubasogl,"Ulubasoglu, Mehmet Ali"
jorgemariouribe,"Uribe, Jorge"
dubilava,"Ubilava, David"
jeemolunni,"Unni, Jeemol"
farazusmani,"Usmani, Faraz"
patricioeugenio,"Valdivieso, Patricio"
dvkvarma,"Varma, Vijaya Krushna"
vvicard,"Vicard, Vincent"
arnauvaes,"Valladares-Esteban, Arnau"
dvaroutas,"Varoutas, Dimitris"
aviceisza,"Viceisza, Angelino"
ivalodia,"Valodia, Imraan"
j_vechbany,"Vechbanyongratana, Jessica"
edouardvidon,"Vidon, Edouard"
bjvca,"Van Campenhout, Bjorn"
cuginoid,"Veneziani, Mario"
larsvil,"Vilhuber, Lars"
nicvdsijpe,"Van de Sijpe, Nicolas"
miroslavverbic,"Verbic, Miroslav"
juanmvilla,"Villa, Juan Miguel"
jobvanexel,"van Exel, Job"
gvermandel,"Vermandel, Gauthier"
favillagomez,"Villagomez, Alejandro"
chvanhoutven,"Van Houtven, Courtney Harold"
pverme,"Verme, Paolo"
mauriciovillam,"Villamizar-Villegas, Mauricio"
djvanness,"Vanness, David John"
marco_v_p,"Veronese Passarella, Marco"
sebvillemot,"Villemot, Sébastien"
johnvanreenen,"van Reenen, John Michael"
jvespignani,"Vespignani, Joaquin"
drchaiporn,"Vithessonthi, Chaiporn"
vruijven,"van Ruijven, Bas"
nielsvester,"Vestergaard, Niels"
jonasvlachos,"Vlachos, Jonas"
nicvanzee,"van Zeebroeck, Nicolas"
roinevestman,"Vestman, Roine"
dietzvollrath,"Vollrath, Dietrich"
attilalvarga,"Varga, Attila"
stanveuger,"Veuger, Stan"
volosovych,"Volosovych, Vadym"
carminaovargas,"Vargas, Carmina"
luiginomics,"Vézina, Pierre-Louis"
juanf_vargas,"Vargas, Juan Fernando"
vialenet,"Viale, Ariel Marcelo"
jameswabenga,"Wabenga Yango, James"
dougwebberecon,"Webber, Douglas"
roberton3will,"Williams, Roberton C. III"
km_wacker,"Wacker, Konstantin"
alfonsj64,"Weichenrieder, Alfons"
twilliams8,"Williams, Tomas"
hanneswagner,"Wagner, Hannes"
went1955,"Went, Robert"
1954swilliamson,"Williamson, Stephen"
liam_wagner,"Wagner, Liam David"
justuswesseler,"Wesseler, Justus"
bartwilson,"Wilson, Bart"
prof_m_wagner,"Wagner, Marcus"
joakimw,"Westerholm, P. Joakim"
soclgy,"Winter, Fabian"
adamw2011,"Wagstaff, Adam"
willwheels,"Wheeler, William"
jenwinter_yyc,"Winter, Jennifer"
wparag,"Waknis, Parag"
whelankarl,"Whelan, Karl"
timothywojan,"Wojan, Timothy Richard"
margaretwalls1,"Walls, Margaret"
financejosh,"White, Joshua Tyler"
justinwolfers,"Wolfers, Justin"
ojwalther,"Walther, Olivier J"
tkirkwhite,"White, T. Kirk"
scwolla,"Wolla, Scott"
econzach,"Ward, Zachary"
whitefordpeter,"Whiteford, Peter Bernard"
wongkoinyen,"Wong, Koi Nyen"
thierry_warin,"Warin, Thierry"
johnwhitehead81,"Whitehead, John"
joelwwood,"Wood, Joel"
peterwaterman2,"Waterman, Peter"
wiafe11,"Wiafe, Emmanuel Agyapong"
franceswoolley,"Woolley, Frances"
alexdwaters1985,"Waters, Alex"
cjwich,"Wichman, Casey"
wootenomics,"Wooten, Jadrian James"
taraelizwatson,"Watson, Tara Elizabeth"
wielandvolker,"Wieland, Volker"
timsworrall,"Worrall, Timothy Simon"
andrewwatteu,"Watt, Andrew James"
gwilemme,"Wilemme, Guillaume"
sjwrenlewis,"Wren-Lewis, Simon"
mattdwebb,"Webb, Matthew D"
colin_cwilliams,"Williams, Colin"
markljwright,"Wright, Mark"
guoxu_econ,"Xu, Guo"
melanie_xue,"Xue, Melanie Meng"
altugyalcintas,"Yalcintas, Altug"
pjytwitte,"Yang, Peter Jianhua"
angrygirl87,"Younis, Fizza"
amsalu_w,"Yalew, Amsalu Woldie"
yagena,"Yasuda, Yosuke"
erayyucel,"Yücel, Mustafa Eray"
deanyang,"Yang, Dean"
kamilyilmaz_,"Yilmaz, Kamil"
lindayueh,"Yueh, Linda"
guanyiyang,"Yang, Guanyi"
yilmazkuday,"Yilmazkuday, Hakan"
marioszachariad,"Zachariadis, Marios"
stavroszenios,"Zenios, Stavros"
kfzimmermann,"Zimmermann, Klaus"
georgzachmann,"Zachmann, Georg"
yveszenou1,"Zenou, Yves"
zingales,"Zingales, Luigi"
prof_jay_z,"Zagorsky, Jay"
marianazerpa,"Zerpa, Mariana"
jesseaaronzinn,"Zinn, Jesse Aaron"
gema_zamarro,"Zamarro, Gema"
zerpasad,"Zerpa de Hurtado, Sadcidi"
dzochow,"Zochowski, Dawid"
clairezanuso,"Zanuso, Claire"
omzidar,"Zidar, Owen"
gabriel_zucman,"Zucman, Gabriel"
oscarzapatar,"Zapata, Oscar"
thwziesemer,"Ziesemer, Thomas"
mrszed78,"Zweimüller, Martina"
ezegarra3,"Zegarra, Eduardo"
szignago,"Zignago, Soledad"
andrewzeitlin,"Zeitlin, Andrew Forrest"
czimm_economist,"Zimmermann, Christian"